% WARNING - This is exported REVIGO data useful only for the specific purpose of constructing a TreeMap visualization.
% Do not use this table as a general list of non-redundant GO categories, as it sets an extremely permissive 
% threshold to detect redundancies (c=0.10) and fill the 'representative' column, while normally c>=0.4 is recommended.
% To export a reduced-redundancy set of GO terms, go to the Scatterplot & Table tab, and export to CSV from there.
term_ID,description,frequencyInDb,log10pvalue,uniqueness,dispensability,representative
GO:0007267,"cell-cell signaling",2.522%,-23.9957,0.776,0.000,"cell-cell signaling"
GO:0044700,"single organism signaling",17.329%,-24.1018,0.783,0.564,"cell-cell signaling"
GO:0035249,"synaptic transmission, glutamatergic",0.199%,-4.3936,0.717,0.694,"cell-cell signaling"
GO:0007154,"cell communication",17.535%,-21.1688,0.850,0.160,"cell-cell signaling"
GO:0023051,"regulation of signaling",6.570%,-4.3261,0.755,0.648,"cell-cell signaling"
GO:0010469,"regulation of receptor activity",0.166%,-5.5817,0.740,0.387,"cell-cell signaling"
GO:0050848,"regulation of calcium-mediated signaling",0.080%,-3.0429,0.769,0.394,"cell-cell signaling"
GO:0010646,"regulation of cell communication",6.570%,-4.4425,0.717,0.470,"cell-cell signaling"
GO:1900449,"regulation of glutamate receptor signaling pathway",0.063%,-6.8297,0.747,0.262,"cell-cell signaling"
GO:0007268,"synaptic transmission",1.611%,-26.4473,0.682,0.371,"cell-cell signaling"
GO:0050803,"regulation of synapse structure and activity",0.164%,-12.4123,0.623,0.681,"cell-cell signaling"
GO:0007215,"glutamate receptor signaling pathway",0.198%,-3.1739,0.766,0.458,"cell-cell signaling"
GO:2000463,"positive regulation of excitatory postsynaptic membrane potential",0.056%,-5.2182,0.642,0.618,"cell-cell signaling"
GO:0060078,"regulation of postsynaptic membrane potential",0.170%,-3.8125,0.617,0.683,"cell-cell signaling"
GO:0007187,"G-protein coupled receptor signaling pathway, coupled to cyclic nucleotide second messenger",0.311%,-3.5214,0.756,0.560,"cell-cell signaling"
GO:0007188,"adenylate cyclase-modulating G-protein coupled receptor signaling pathway",0.271%,-3.2692,0.758,0.474,"cell-cell signaling"
GO:0007186,"G-protein coupled receptor signaling pathway",3.393%,-3.2373,0.702,0.410,"cell-cell signaling"
GO:0007610,"behavior",1.517%,-7.4609,0.964,0.000,"behavior"
GO:0023052,"signaling",17.329%,-24.6716,0.988,0.000,"signaling"
GO:0051179,"localization",18.927%,-8.4881,0.988,0.000,"localization"
GO:0043269,"regulation of ion transport",1.244%,-19.6556,0.515,0.023,"regulation of ion transport"
GO:0055085,"transmembrane transport",7.528%,-10.6180,0.550,0.673,"regulation of ion transport"
GO:0006811,"ion transport",7.803%,-13.2048,0.585,0.546,"regulation of ion transport"
GO:0006836,"neurotransmitter transport",0.450%,-11.8386,0.688,0.353,"regulation of ion transport"
GO:0071805,"potassium ion transmembrane transport",0.456%,-8.2464,0.558,0.481,"regulation of ion transport"
GO:0035725,"sodium ion transmembrane transport",0.343%,-5.0195,0.581,0.672,"regulation of ion transport"
GO:0042886,"amide transport",0.679%,-3.4342,0.653,0.369,"regulation of ion transport"
GO:0032879,"regulation of localization",4.330%,-10.0931,0.646,0.359,"regulation of ion transport"
GO:0006887,"exocytosis",0.769%,-4.9208,0.569,0.374,"regulation of ion transport"
GO:0032409,"regulation of transporter activity",0.312%,-8.8633,0.607,0.653,"regulation of ion transport"
GO:0072511,"divalent inorganic cation transport",1.032%,-5.2588,0.610,0.620,"regulation of ion transport"
GO:1902578,"single-organism localization",14.013%,-11.4295,0.625,0.598,"regulation of ion transport"
GO:0030001,"metal ion transport",2.230%,-13.2090,0.580,0.574,"regulation of ion transport"
GO:0046903,"secretion",2.293%,-9.9957,0.637,0.424,"regulation of ion transport"
GO:0014047,"glutamate secretion",0.067%,-3.0429,0.604,0.633,"regulation of ion transport"
GO:0050877,"neurological system process",2.809%,-8.6198,0.833,0.026,"neurological system process"
GO:0010975,"regulation of neuron projection development",0.679%,-3.7100,0.757,0.375,"neurological system process"
GO:0007399,"nervous system development",4.932%,-3.1481,0.869,0.523,"neurological system process"
GO:0050905,"neuromuscular process",0.247%,-4.0491,0.856,0.632,"neurological system process"
GO:0008016,"regulation of heart contraction",0.397%,-3.3788,0.803,0.665,"neurological system process"
GO:0003008,"system process",4.235%,-7.6536,0.872,0.477,"neurological system process"
GO:0050890,"cognition",0.577%,-7.3063,0.846,0.694,"neurological system process"
GO:0050885,"neuromuscular process controlling balance",0.136%,-4.2700,0.862,0.595,"neurological system process"
GO:0014733,"regulation of skeletal muscle adaptation",0.013%,-3.1118,0.836,0.482,"neurological system process"
GO:0042391,"regulation of membrane potential",1.008%,-10.1864,0.736,0.073,"regulation of membrane potential"
GO:0042592,"homeostatic process",3.235%,-3.9957,0.706,0.662,"regulation of membrane potential"
GO:0048878,"chemical homeostasis",2.056%,-6.9245,0.685,0.571,"regulation of membrane potential"
GO:0051592,"response to calcium ion",0.224%,-3.8827,0.967,0.077,"response to calcium ion"
GO:0044708,"single-organism behavior",0.977%,-7.2495,0.872,0.090,"single-organism behavior"
GO:0007616,"long-term memory",0.073%,-3.5607,0.825,0.696,"single-organism behavior"
GO:0065008,"regulation of biological quality",7.337%,-10.6556,0.896,0.093,"regulation of biological quality"
GO:0009187,"cyclic nucleotide metabolic process",0.382%,-3.7190,0.876,0.094,"cyclic nucleotide metabolism"
GO:0030808,"regulation of nucleotide biosynthetic process",0.203%,-3.5229,0.823,0.612,"cyclic nucleotide metabolism"
GO:1900371,"regulation of purine nucleotide biosynthetic process",0.203%,-3.5229,0.818,0.366,"cyclic nucleotide metabolism"
GO:0046058,"cAMP metabolic process",0.270%,-4.0353,0.865,0.376,"cyclic nucleotide metabolism"
