% WARNING - This is exported REVIGO data useful only for the specific purpose of constructing a TreeMap visualization.
% Do not use this table as a general list of non-redundant GO categories, as it sets an extremely permissive 
% threshold to detect redundancies (c=0.10) and fill the 'representative' column, while normally c>=0.4 is recommended.
% To export a reduced-redundancy set of GO terms, go to the Scatterplot & Table tab, and export to CSV from there.
term_ID,description,frequencyInDb,log10pvalue,uniqueness,dispensability,representative
GO:0021762,"substantia nigra development",0.055%,-4.9136,0.870,0.000,"substantia nigra development"
GO:0034103,"regulation of tissue remodeling",0.163%,-4.7773,0.843,0.231,"substantia nigra development"
GO:0060907,"positive regulation of macrophage cytokine production",0.044%,-3.6091,0.803,0.388,"substantia nigra development"
GO:0045687,"positive regulation of glial cell differentiation",0.070%,-3.5171,0.767,0.400,"substantia nigra development"
GO:0048857,"neural nucleus development",0.088%,-4.0711,0.910,0.263,"substantia nigra development"
GO:0022603,"regulation of anatomical structure morphogenesis",1.794%,-3.3696,0.867,0.527,"substantia nigra development"
GO:0055080,"cation homeostasis",1.289%,-4.7696,0.680,0.000,"cation homeostasis"
GO:0042592,"homeostatic process",3.235%,-3.4841,0.744,0.622,"cation homeostasis"
GO:0071276,"cellular response to cadmium ion",0.032%,-7.8827,0.748,0.000,"cellular response to cadmium ion"
GO:0010038,"response to metal ion",0.636%,-6.9508,0.750,0.695,"cellular response to cadmium ion"
GO:1990267,"response to transition metal nanoparticle",0.273%,-6.1851,0.829,0.425,"cellular response to cadmium ion"
GO:0010035,"response to inorganic substance",1.004%,-7.1273,0.816,0.353,"cellular response to cadmium ion"
GO:0036017,"response to erythropoietin",0.006%,-3.0585,0.852,0.423,"cellular response to cadmium ion"
GO:0036018,"cellular response to erythropoietin",0.006%,-3.0585,0.824,0.309,"cellular response to cadmium ion"
GO:0019752,"carboxylic acid metabolic process",2.886%,-5.4935,0.595,0.036,"carboxylic acid metabolism"
GO:1901565,"organonitrogen compound catabolic process",4.372%,-5.4841,0.757,0.145,"carboxylic acid metabolism"
GO:0006196,"AMP catabolic process",0.002%,-3.0585,0.778,0.350,"carboxylic acid metabolism"
GO:0044283,"small molecule biosynthetic process",1.120%,-3.8539,0.734,0.430,"carboxylic acid metabolism"
GO:0097164,"ammonium ion metabolic process",4.314%,-3.5670,0.870,0.310,"carboxylic acid metabolism"
GO:0044281,"small molecule metabolic process",13.539%,-4.3778,0.774,0.358,"carboxylic acid metabolism"
GO:0044282,"small molecule catabolic process",0.575%,-3.8356,0.718,0.566,"carboxylic acid metabolism"
GO:0044255,"cellular lipid metabolic process",2.183%,-3.3449,0.783,0.265,"carboxylic acid metabolism"
GO:0006629,"lipid metabolic process",3.159%,-3.8447,0.801,0.279,"carboxylic acid metabolism"
GO:0006082,"organic acid metabolic process",3.105%,-5.4225,0.699,0.493,"carboxylic acid metabolism"
GO:0042439,"ethanolamine-containing compound metabolic process",0.129%,-3.9431,0.749,0.384,"carboxylic acid metabolism"
GO:1903036,"positive regulation of response to wounding",0.228%,-4.3936,0.811,0.063,"positive regulation of response to wounding"
GO:0090303,"positive regulation of wound healing",0.018%,-4.2581,0.828,0.648,"positive regulation of response to wounding"
GO:1901032,"negative regulation of response to reactive oxygen species",0.014%,-3.5100,0.773,0.515,"positive regulation of response to wounding"
GO:0042221,"response to chemical",8.684%,-3.2933,0.921,0.093,"response to chemical"
GO:0065008,"regulation of biological quality",7.337%,-4.1798,0.912,0.094,"regulation of biological quality"
