% WARNING - This is exported REVIGO data useful only for the specific purpose of constructing a TreeMap visualization.
% Do not use this table as a general list of non-redundant GO categories, as it sets an extremely permissive 
% threshold to detect redundancies (c=0.10) and fill the 'representative' column, while normally c>=0.4 is recommended.
% To export a reduced-redundancy set of GO terms, go to the Scatterplot & Table tab, and export to CSV from there.
term_ID,description,frequencyInDb,log10pvalue,uniqueness,dispensability,representative
GO:0000184,"nuclear-transcribed mRNA catabolic process, nonsense-mediated decay",0.142%,-63.6402,0.701,0.000,"nuclear-transcribed mRNA catabolism, nonsense-mediated decay"
GO:0090304,"nucleic acid metabolic process",15.268%,-11.2573,0.663,0.636,"nuclear-transcribed mRNA catabolism, nonsense-mediated decay"
GO:0070987,"error-free translesion synthesis",0.001%,-3.7878,0.816,0.190,"nuclear-transcribed mRNA catabolism, nonsense-mediated decay"
GO:0019538,"protein metabolic process",17.009%,-7.5768,0.757,0.465,"nuclear-transcribed mRNA catabolism, nonsense-mediated decay"
GO:0002181,"cytoplasmic translation",0.038%,-14.1979,0.792,0.563,"nuclear-transcribed mRNA catabolism, nonsense-mediated decay"
GO:0010467,"gene expression",15.379%,-33.8416,0.762,0.201,"nuclear-transcribed mRNA catabolism, nonsense-mediated decay"
GO:0044419,"interspecies interaction between organisms",1.105%,-26.3116,0.934,0.652,"nuclear-transcribed mRNA catabolism, nonsense-mediated decay"
GO:0044764,"multi-organism cellular process",0.977%,-27.6364,0.894,0.542,"nuclear-transcribed mRNA catabolism, nonsense-mediated decay"
GO:0016070,"RNA metabolic process",12.843%,-10.4976,0.635,0.605,"nuclear-transcribed mRNA catabolism, nonsense-mediated decay"
GO:0016071,"mRNA metabolic process",1.098%,-38.6840,0.727,0.329,"nuclear-transcribed mRNA catabolism, nonsense-mediated decay"
GO:0044260,"cellular macromolecule metabolic process",25.627%,-6.5719,0.708,0.541,"nuclear-transcribed mRNA catabolism, nonsense-mediated decay"
GO:0043170,"macromolecule metabolic process",29.866%,-5.6536,0.792,0.376,"nuclear-transcribed mRNA catabolism, nonsense-mediated decay"
GO:0044267,"cellular protein metabolic process",12.981%,-8.1029,0.717,0.493,"nuclear-transcribed mRNA catabolism, nonsense-mediated decay"
GO:0006412,"translation",1.984%,-47.8268,0.717,0.317,"nuclear-transcribed mRNA catabolism, nonsense-mediated decay"
GO:0006413,"translational initiation",0.465%,-46.9626,0.744,0.690,"nuclear-transcribed mRNA catabolism, nonsense-mediated decay"
GO:0006414,"translational elongation",0.313%,-51.6021,0.753,0.367,"nuclear-transcribed mRNA catabolism, nonsense-mediated decay"
GO:1901564,"organonitrogen compound metabolic process",11.844%,-21.9281,0.751,0.261,"nuclear-transcribed mRNA catabolism, nonsense-mediated decay"
GO:0006396,"RNA processing",1.631%,-9.6904,0.707,0.415,"nuclear-transcribed mRNA catabolism, nonsense-mediated decay"
GO:0006401,"RNA catabolic process",0.316%,-50.7471,0.695,0.643,"nuclear-transcribed mRNA catabolism, nonsense-mediated decay"
GO:1901566,"organonitrogen compound biosynthetic process",2.941%,-29.1073,0.733,0.367,"nuclear-transcribed mRNA catabolism, nonsense-mediated decay"
GO:0006139,"nucleobase-containing compound metabolic process",24.258%,-10.7825,0.662,0.548,"nuclear-transcribed mRNA catabolism, nonsense-mediated decay"
GO:0043604,"amide biosynthetic process",0.120%,-43.8665,0.784,0.155,"nuclear-transcribed mRNA catabolism, nonsense-mediated decay"
GO:0043603,"cellular amide metabolic process",0.480%,-37.5171,0.825,0.173,"nuclear-transcribed mRNA catabolism, nonsense-mediated decay"
GO:1901362,"organic cyclic compound biosynthetic process",13.849%,-8.1965,0.679,0.697,"nuclear-transcribed mRNA catabolism, nonsense-mediated decay"
GO:0019083,"viral transcription",0.174%,-62.6498,0.696,0.277,"nuclear-transcribed mRNA catabolism, nonsense-mediated decay"
GO:1901360,"organic cyclic compound metabolic process",25.430%,-9.3307,0.799,0.299,"nuclear-transcribed mRNA catabolism, nonsense-mediated decay"
GO:0034641,"cellular nitrogen compound metabolic process",25.263%,-11.6536,0.709,0.697,"nuclear-transcribed mRNA catabolism, nonsense-mediated decay"
GO:0034660,"ncRNA metabolic process",0.917%,-9.6635,0.732,0.389,"nuclear-transcribed mRNA catabolism, nonsense-mediated decay"
GO:0034655,"nucleobase-containing compound catabolic process",4.390%,-42.2140,0.662,0.665,"nuclear-transcribed mRNA catabolism, nonsense-mediated decay"
GO:0034645,"cellular macromolecule biosynthetic process",14.343%,-11.3363,0.646,0.556,"nuclear-transcribed mRNA catabolism, nonsense-mediated decay"
GO:0002385,"mucosal immune response",0.066%,-3.1221,0.965,0.000,"mucosal immune response"
GO:0002251,"organ or tissue specific immune response",0.068%,-3.1221,0.979,0.129,"mucosal immune response"
GO:0006614,"SRP-dependent cotranslational protein targeting to membrane",0.150%,-68.1649,0.632,0.000,"SRP-dependent cotranslational protein targeting to membrane"
GO:0070972,"protein localization to endoplasmic reticulum",0.196%,-64.6402,0.756,0.677,"SRP-dependent cotranslational protein targeting to membrane"
GO:0071822,"protein complex subunit organization",3.467%,-18.7986,0.791,0.617,"SRP-dependent cotranslational protein targeting to membrane"
GO:0071826,"ribonucleoprotein complex subunit organization",0.332%,-7.9747,0.828,0.490,"SRP-dependent cotranslational protein targeting to membrane"
GO:0043933,"macromolecular complex subunit organization",5.276%,-15.6716,0.810,0.607,"SRP-dependent cotranslational protein targeting to membrane"
GO:0033036,"macromolecule localization",5.646%,-17.0600,0.808,0.477,"SRP-dependent cotranslational protein targeting to membrane"
GO:0070727,"cellular macromolecule localization",3.140%,-23.3098,0.719,0.695,"SRP-dependent cotranslational protein targeting to membrane"
GO:0006605,"protein targeting",1.102%,-40.2233,0.711,0.678,"SRP-dependent cotranslational protein targeting to membrane"
GO:0022613,"ribonucleoprotein complex biogenesis",0.598%,-14.7595,0.822,0.360,"SRP-dependent cotranslational protein targeting to membrane"
GO:0044765,"single-organism transport",13.545%,-11.6364,0.760,0.625,"SRP-dependent cotranslational protein targeting to membrane"
GO:0006364,"rRNA processing",0.206%,-11.8327,0.581,0.509,"SRP-dependent cotranslational protein targeting to membrane"
GO:0061024,"membrane organization",1.629%,-23.7352,0.830,0.404,"SRP-dependent cotranslational protein targeting to membrane"
GO:0071702,"organic substance transport",5.810%,-14.8729,0.795,0.480,"SRP-dependent cotranslational protein targeting to membrane"
GO:0043624,"cellular protein complex disassembly",0.344%,-48.6861,0.775,0.301,"SRP-dependent cotranslational protein targeting to membrane"
GO:0022411,"cellular component disassembly",0.713%,-34.0947,0.805,0.345,"SRP-dependent cotranslational protein targeting to membrane"
GO:1902580,"single-organism cellular localization",1.731%,-23.3778,0.753,0.495,"SRP-dependent cotranslational protein targeting to membrane"
GO:0044085,"cellular component biogenesis",4.871%,-11.5129,0.813,0.507,"SRP-dependent cotranslational protein targeting to membrane"
GO:0051641,"cellular localization",6.184%,-18.7447,0.805,0.291,"SRP-dependent cotranslational protein targeting to membrane"
GO:0051179,"localization",18.927%,-11.2277,0.987,0.000,"localization"
GO:0051704,"multi-organism process",4.431%,-21.9830,0.984,0.000,"multi-organism process"
GO:0071840,"cellular component organization or biogenesis",12.603%,-7.0092,0.986,0.000,"cellular component organization or biogenesis"
GO:0009056,"catabolic process",7.851%,-15.4535,0.885,0.060,"catabolism"
GO:0006807,"nitrogen compound metabolic process",26.566%,-10.5258,0.857,0.141,"catabolism"
GO:0044237,"cellular metabolic process",42.121%,-4.1701,0.833,0.249,"catabolism"
GO:0044238,"primary metabolic process",41.881%,-4.1349,0.841,0.314,"catabolism"
GO:0009058,"biosynthetic process",19.017%,-7.2097,0.866,0.183,"catabolism"
GO:0046483,"heterocycle metabolic process",24.799%,-10.3726,0.788,0.201,"catabolism"
GO:0071704,"organic substance metabolic process",42.826%,-3.8962,0.841,0.319,"catabolism"
GO:0006725,"cellular aromatic compound metabolic process",24.907%,-9.9281,0.788,0.359,"catabolism"
